engine,run,performance_score1,performance_score1_name,performance_score1_CI,behaviour_score1,behaviour_score1_name,behaviour_score1_CI,behaviour_score2,behaviour_score2_name,behaviour_score2_CI,behaviour_score3,behaviour_score3_name,behaviour_score3_CI,behaviour_score4,behaviour_score4_name,behaviour_score4_CI
claude-3-opus-20240229,0,0.9203527943284797,1 - Difference to bayes optimal posterior prediction,0.01224465969976508,0.5640467712312266,prior weighting,0.048803265817338584,0.9874482679050748,likelihood weighting,0.05325980253922144,0.5712165280596243,prior / likelihood,0.05824023553792156,-0.4234014966738482,prior - likelihood,0.07223825386147333
hf_Yi-34B,0,0.7527310202582691,1 - Difference to bayes optimal posterior prediction,0.01857882058254614,0.15512957450554896,prior weighting,0.08209132041190882,0.23340749361037993,likelihood weighting,0.08367223119774997,0.6646297944679619,prior / likelihood,0.4248119698117382,-0.07827791910483098,prior - likelihood,0.11721786195192438
hf_Mixtral-8x7B-v0.1,0,0.7342474710780432,1 - Difference to bayes optimal posterior prediction,0.022800280246384162,0.25527977734018115,prior weighting,0.1467844067100389,0.01449429521479478,likelihood weighting,0.14462783118035796,17.612431205320636,prior / likelihood,176.03294182008563,0.24078548212538636,prior - likelihood,0.2060652120207393
llama-2-70-chat,0,0.7414260531489667,1 - Difference to bayes optimal posterior prediction,0.01675144637337631,0.1819437264478132,prior weighting,0.11363609480098472,0.1566955409539513,likelihood weighting,0.11878022624256224,1.1611289341110331,prior / likelihood,1.1404489333764527,0.025248185493861902,prior - likelihood,0.16438340605989601
gpt-4,0,0.8970270981392421,1 - Difference to bayes optimal posterior prediction,0.01412754709918484,0.47340159271640736,prior weighting,0.06457170841830338,0.8187559896053962,likelihood weighting,0.0603589857434458,0.5781961887626199,prior / likelihood,0.08964744324606091,-0.34535439688898883,prior - likelihood,0.08838955078534953
