engine,run,performance_score1,performance_score1_name,performance_score1_CI,behaviour_score1,behaviour_score1_name,behaviour_score1_CI,behaviour_score2,behaviour_score2_name,behaviour_score2_CI,behaviour_score3,behaviour_score3_name,behaviour_score3_CI,behaviour_score4,behaviour_score4_name,behaviour_score4_CI
hf_Mixtral-8x7B-v0.1,0,0.7569435608467411,1 - Difference to bayes optimal posterior prediction,0.003284681332803632,0.5323574390724465,prior weighting,0.054230867993273785,0.07096764130257288,likelihood weighting,0.05358172818696977,7.501410914908711,prior / likelihood,5.715006955003208,0.4613897977698736,prior - likelihood,0.07623639969729812
hf_Yi-34B,0,0.7812650044140682,1 - Difference to bayes optimal posterior prediction,0.0152620043725853,0.5356085468641995,prior weighting,0.0739394182971207,-0.0712590703730751,likelihood weighting,0.0740740862157472,-7.516356080145781,prior / likelihood,7.881879084979993,0.6068676172372746,prior - likelihood,0.1046613960675785
llama-2-70-chat,0,0.7268451061747309,1 - Difference to bayes optimal posterior prediction,0.0202871485953086,0.2530094446136679,prior weighting,0.1383599627044732,-0.0302015495776534,likelihood weighting,0.1351418695125607,-8.377366332251809,prior / likelihood,37.76482451370165,0.2832109941913214,prior - likelihood,0.1934083870335855
claude-3-opus-20240229,0,0.8617602246951257,1 - Difference to bayes optimal posterior prediction,0.018746237457096,0.6157631374062266,prior weighting,0.1088693106952884,0.3062188668039898,likelihood weighting,0.1056979614802013,2.0108595653590986,prior / likelihood,0.7798476129318818,0.3095442706022367,prior - likelihood,0.1517385444517554
gpt-4,0,0.8668761910341252,1 - Difference to bayes optimal posterior prediction,0.0141390135474947,0.5235091790406785,prior weighting,0.0774482583480551,0.3431866266384314,likelihood weighting,0.0792902166919748,1.5254358369629248,prior / likelihood,0.4184991175940639,0.180322552402247,prior - likelihood,0.1108384914378007
