engine,run,performance_score1,performance_score1_name,performance_score1_CI,behaviour_score1,behaviour_score1_name,behaviour_score1_CI
llama-2-70-chat,0,0.4981081081081081,rewards mean,0.016113163025646682,-0.0040367710732500915,interaction effect,0.017971321801438126
claude-3-opus-20240229,0,0.532843137254902,rewards mean,0.021656013495477223,0.13682072892945618,interaction effect,0.01752547302928337
hf_Yi-34B,0,0.5035,rewards mean,0.021918409580516322,-0.009605592796259468,interaction effect,0.02446152217719474
hf_Mixtral-8x7B-v0.1,0,0.479,rewards mean,0.021899605557219082,0.015090642093533365,interaction effect,0.019077092277891783
gpt-4,0,0.5395,rewards mean,0.021850441476005653,0.2115936312690218,interaction effect,0.018379057897827678
